Username;Identifier;One-timepassword;Recoverycode;Firstname;Lastname;Department;Location
booker12;9012;12se74;rb9012;Rachel;Booker;Sales;Manchester
grey07;2070;04ap67;lg2070;Laura;Grey;Depot;London
johnson81;4081;30no86;cj4081;Craig;Johnson;Depot;London
jenkins46;9346;14ju73;mj9346;Mary;Jenkins;Engineering;Manchester
smith79;5079;09ja61;js5079;Jamie;Smith;Engineering;Manchester
brown23;6023;15fe82;nb6023;Nathan;Brown;Sales;London
taylor34;7034;22ma90;et7034;Emma;Taylor;Engineering;Manchester
wilson45;8045;18ju75;aw8045;Alice;Wilson;Depot;Manchester
davies56;5056;25ap88;pd5056;Paul;Davies;Sales;London
martin67;6067;11se79;tm6067;Thomas;Martin;Engineering;London
garcia78;7078;08no91;ag7078;Andrew;Garcia;Depot;Manchester
rodriguez89;8089;19fe83;gr8089;Grace;Rodriguez;Sales;Manchester
martinez90;9090;26ja92;em9090;Elena;Martinez;Engineering;London
hernandez01;1001;13ma81;dh1001;David;Hernandez;Depot;London
lopez12;2012;20ap74;sl2012;Samuel;Lopez;Sales;Manchester
gonzalez23;3023;07ju85;tg3023;Teresa;Gonzalez;Engineering;Manchester
wilson34;4034;14se76;mw4034;Michael;Wilson;Depot;London
anderson45;5045;21no87;pa5045;Patricia;Anderson;Sales;London
thomas56;6056;03fe89;ct6056;Charles;Thomas;Engineering;Manchester
moore67;7067;10ma80;jm7067;Jennifer;Moore;Depot;Manchester
jackson78;8078;17ap78;aj8078;Angela;Jackson;Sales;London
martin89;9089;24ju73;tm9089;Timothy;Martin;Engineering;London
lee90;0090;06se84;cl0090;Catherine;Lee;Depot;Manchester
perez01;1101;12no86;rp1101;Robert;Perez;Sales;Manchester
thompson12;2112;19fe88;at2112;Arthur;Thompson;Engineering;London
white23;3123;25ja77;jw3123;Joseph;White;Depot;London
harris34;4134;08ap89;dh4134;Daniel;Harris;Sales;Manchester
martin45;5145;15ma75;pm5145;Peter;Martin;Engineering;Manchester
garcia56;6156;22se91;fg6156;Frank;Garcia;Depot;London
robinson67;7167;04ju79;ir7167;Ian;Robinson;Sales;London
clark78;8178;11no82;nc8178;Nancy;Clark;Engineering;Manchester
rodriguez89;9189;18fe74;mr9189;Mary;Rodriguez;Depot;Manchester
lewis90;0190;26ap86;cl0190;Christopher;Lewis;Sales;Manchester
lee01;1201;03ma88;pl1201;Patricia;Lee;Engineering;London
walker12;2212;09se80;aw2212;Alan;Walker;Depot;Manchester
hall23;3223;16ju73;mh3223;Margaret;Hall;Sales;London
young34;4234;23no91;py4234;Paul;Young;Engineering;Manchester
hernandez45;5245;05fe83;rh5245;Richard;Hernandez;Depot;London
king56;6256;12ap77;tk6256;Thomas;King;Sales;Manchester
wright67;7267;19ma84;ew7267;Edward;Wright;Engineering;London
lopez78;8278;01ju89;al8278;Anne;Lopez;Depot;Manchester
hill89;9289;08se75;ah9289;Arthur;Hill;Sales;London
scott90;0390;15no82;ps0390;Patricia;Scott;Engineering;Manchester
green01;1401;22fe91;tg1401;Thomas;Green;Depot;Manchester
adams12;2412;04ap79;ba2412;Betty;Adams;Sales;London
nelson23;3423;11ma86;dn3423;Daniel;Nelson;Engineering;Manchester
carter34;4434;18ju88;mc4434;Margaret;Carter;Depot;London
mitchell45;5445;25se76;am5445;Amy;Mitchell;Sales;Manchester
roberts56;6456;07no73;pr6456;Paul;Roberts;Engineering;London
phillips67;7467;14fe82;ap7467;Andrew;Phillips;Depot;Manchester
campbell78;8478;21ap75;sc8478;Steven;Campbell;Sales;London
parker89;9489;03ma89;rp9489;Robert;Parker;Engineering;Manchester
evans90;0590;10ju77;ce0590;Charles;Evans;Depot;Manchester
edwards01;1601;17se91;de1601;David;Edwards;Sales;London
collins12;2612;24no84;bc2612;Brian;Collins;Engineering;Manchester
reeves23;3623;06fe79;ar3623;Arthur;Reeves;Depot;London
stewart34;4634;13ap88;ps4634;Patricia;Stewart;Sales;Manchester
morris45;5645;20ma75;am5645;Alan;Morris;Engineering;London
rogers56;6656;02ju86;ar6656;Arthur;Rogers;Depot;Manchester
morgan67;7667;09se80;tm7667;Thomas;Morgan;Sales;London
peterson78;8678;16no73;ep8678;Edward;Peterson;Engineering;Manchester
cooper89;9689;23fe91;ac9689;Andrew;Cooper;Depot;London
reed90;0790;05ap77;cr0790;Charles;Reed;Sales;Manchester
bell01;1801;12ma82;jb1801;James;Bell;Engineering;London
gomez12;2812;19ju89;ag2812;Andrea;Gomez;Depot;Manchester
rivera23;3823;01se75;ar3823;Antonio;Rivera;Sales;London
richardson34;4834;08no84;jr4834;James;Richardson;Engineering;Manchester
cox45;5845;15fe78;sc5845;Samuel;Cox;Depot;London
howard56;6856;22ap91;ah6856;Arthur;Howard;Sales;Manchester
ward67;7867;04ma79;mw7867;Mary;Ward;Engineering;London
torres78;8878;11ju82;at8878;Anthony;Torres;Peterson;Manchester
peterson89;9889;18se88;ap9889;Angela;Peterson;Depot;London
gray90;0990;25no76;tg0990;Thomas;Gray;Sales;Manchester
ramirez01;1901;07fe85;ar1901;Arthur;Ramirez;Engineering;London
james12;2912;14ap73;rj2912;Robert;James;Depot;Manchester
watson23;3923;21ma90;aw3923;Arthur;Watson;Sales;London
brooks34;4934;03ju81;pb4934;Patricia;Brooks;Engineering;Manchester
kelly45;5945;10se77;sk5945;Steven;Kelly;Depot;London
sanders56;6956;17no88;ps6956;Paul;Sanders;Sales;Manchester
Bennett67;7967;24fe74;ab7967;Albert;Bennett;Engineering;London
wood78;8978;06ap86;sw8978;Samuel;Wood;Depot;Manchester
barnes89;9989;13ma79;pb9989;Paul;Barnes;Sales;London